Emrah Karaduman|625240396
Aleyna Tilki|532097487
Mümin Sarıkaya|405710745
Ebru Yaşar|403436681
Çağla|370102294
Rafet El Roman & Derya|349039455
Ümit Besen feat. Pamela|339542927
Zehra|336023367
Simge|329684265
netd müzik|283406083
Irmak Arıcı & Mustafa Ceceli|281906967
Günay Aksoy|279402604
Ebru Yaşar & Siyam|274749211
Serdar Ortaç feat. Yıldız Tilbe|273046290
Ceza|267105906
Ersay Üner|264530537
Emrah Karaduman feat. Murat Dalkılıç|262153221
İdo Tatlıses|251531930
Merve Özbey|248748670
İlyas Yalçıntaş|241471627
Oğuzhan Koç|233652277
Mustafa Ceceli|225926675
Veysel Mutlu|224879249
Ziynet Sali|224404466
Gülben Ergen & Oğuzhan Koç|219279016
Koray Avcı|216749563
Tuğba Yurt|213070577
Sinan Akçıl feat. Ferah Zeydan|207460341
Bengü & Hakan Altun|201700862
Bahadır Tatlıöz|188015002
Doğukan Manço feat. Tuğba Yurt|187260864
Tuğçe Kandemir|182683339
Semicenk & Reynmen|181614939
Burak Bulut & Ebru Yaşar & Kurtuluş Kuş|179165735
Toygar Işıklı|172356177
Irmak Arıcı|170880853
Sinan Akçıl|166602667
Mustafa Ceceli & İrem Derici|165493728
Kukuli|161636996
Ersan Er|160907673
Ender Balkır|160299343
Gülşen feat. Murat Boz|154348904
Sibel Can|151776558
Ebru Yaşar & Siyam & Zeyd|146517041
İbrahim Tatlıses|143855029
Murat Boz & Ebru Gündeş|142276099
Berna Tan|141976054
Murat Boz|141601113
Hande Yener Ft. Serdar Ortaç|140266580
Majeste|137728987
Zara|136143137
Velet|131410179
Serkan Kaya|127259482
Koliva|125768813
Yusuf Güney|124986538
Feride Hilal Akın feat. Enbe Orkestrası|123571656
Murat Dalkılıç feat. Boygar|123566475
Emre Aydın|120669062
Güven Yüreyi|118014753
Beyza Durmaz|115511607
İbrahim Tatlıses & Dilan Çıtak|114907051
Demet Sağıroğlu|112886901
Sakiler|112456108
Volkan Konak|111381131
Serdar Ortaç Ft.Otilia|109524176
Davut Güloğlu|108472542
Elif Kaya|107749067
Kurtuluş Kuş|104410598
Tefo & Seko Ft. İbrahim Tatlıses|104313972
Kerim Araz feat. Irmak Arıcı|102648698
Yüzyüzeyken Konuşuruz|99404838
Selçuk Balcı|99102555
Gökhan Özen|98835990
Cengiz Kurtoğlu & Hakan Altun|98602492
Berksan ft.Hande Yener|96498913
Ravi İncigöz feat. Mustafa Ceceli|96313751
Kolpa feat. Ece Seçkin|96202403
Ömer Topçu feat. Demet Akalın|93990806
Rozz Kalliope & Ece Seçkin|91709035
Enbe Orkestrası & İlyas Yalçıntaş|89445241
Hande Ünsal|87412376
Tefo & Seko|86091411
Aydın Kurtoğlu|85096563
Aynur Polat|84024809
Emrah Karaduman & Derya Uluğ|82857185
Mustafa Ceceli & Irmak Arıcı|82478325
Cem Belevi|81221725
Dodo|79901945
Rafet El Roman|77496122
Edip Akbayram|77072217
Emrah Karaduman feat. İrem Derici|76357251
Emre Aydın feat. Model|75570247
Bahadır Sağlam|73058092
Burcu Güneş|72735944
Tefo & Seko Ft. Serdar Ortaç|72495577
Ahmet Aslan|72179584
Maral|71943088
Rıza Tamer|71233724
Zeynep Bakşi Karatağ|69437686
Aysel Yakupoğlu|69349152
Aynur Aydın|69172199
Kürşat Zengin|69031434
Burak King|68942774
Deniz Seki|68210249
BASKIN|68193593
Rober Hatemo|67126456
Mustafa Sandal feat. Eypio|67111975
Hüseyin Ay|66788547
Yasin Keleş ft Tan Taşçı|66006181
Murat Yaprak feat Sevda Özkaran|65838612
Seda Sayan feat. Yasin Keleş|65772345
Kamuran Akkor & Sagopa Kajmer (Düet)|64646159
Gülben Ergen ft. Bora Duran|64144932
İstanbul Ses Kayıt ft. Serkan Kaya|64120169
Ceylan Ertem & Mabel Matiz|62035878
Dilan Çıtak|61948502
Emre Kaya|61690371
Kutsi & Zara|61667992
Sinan Güleryüz feat. Özge Özder|60940227
Kutsi Feat.Meral Kendir|60706053
Sinan Yılmaz|60481699
Tuğce Tayfur feat. Ferdi Tayfur|60473243
Edis feat. Emina Jahović|60001291
Ayşegül Aldinç|58723930
Doğukan Manço feat Funda|57978424
Demet Akalın feat. Özcan Deniz|56602292
Ayshe feat. Cem Belevi|56454331
Betül Demir|55018212
Aslı Güngör-Ferhat Göçer|55005872
Mithat Can Özer|54929251
Harika Avcı|53724521
Defkhan & NELLIE & Fredo|53432713
Murat Dalkılıç feat. Oğuzhan Koç|53338288
Ozan Koçer|53041948
Rabia Tunçbilek|52999989
Demet Akalın feat. Gökhan Özen|52707820
Hayki|52506721
Murat Dalkılıç Ft. Oğuzhan Koç|52140337
Funda Arar|51904068
Yusuf Çim|51765038
Ziynet Sali & Bilal Sonses|50999681
Ceyl'an Ertem & Can Güngör|50951963
Nurettin Rençber|50795014
Doğukan Manço feat. Emre Altuğ|50560270
Sinan Akçıl feat. Serdar Ortaç|50137576
Gülben Ergen & Mustafa Sandal|49409521
Volga Tamöz Ft. Hande Yener|49350273
Halil Sezai|47696503
İbrahim Erkal|47628192
LİNET|47597502
Ceylan|47273708
Grup Abdal|47092655
Poll Production|46878022
Mustafa Özarslan|46626046
Yaşar Gaga Ft. Tarkan, Sezen Aksu|46419623
İntizar Ft. Serkan Kaya|46401472
Musa Eroğlu|45722138
Kuzey Köker Feat. Soner Arıca|45580984
Tülay Özer|45346836
Cengiz Kurtoğlu|44797227
İlyas Yalçıntaş feat. Aytaç Kart|44707775
Gülşen & Edis|44627604
Seda Tripkolic feat. Güven Yüreyi|44562955
Zeynep Dizdar|43625485
Ziynet Sali feat. Berk Coşkun|43579988
Tefo & Seko Ft. İbrahim Tatlıses|42363454
Emrah|42244402
Eypio X Kibariye X Tuğberk Işık|42118091
Resul Dindar|41926107
Zeynep Bakşi Karatağ|41789740
Tülay Maciran|41696535
Emrah Karaduman & Merve Özbey|41229291
Deha Bilimlier|41011165
İntizar|40610482
Tuğba Özerk|39733732
Demet Akalın feat. Haktan|39533900
Ahsen Almaz feat. Hüseyin Mehmedoğlu|39528427
Umur Doma & Hande Ünsal|39502668
Sinan Ceceli feat. Ece Seçkin|39403458
Oya|39353364
Gizem Kara|38788074
Can Demir|38651659
Fundyy|38535121
Seren Uzun|38489331
Alişan|38035734
İntizar & Hasan Yılmaz|37950376
Ferhat Göçer|37845271
Kimbureyhan|37634006
Rengin|37560325
Uğur Aslan|37185918
Dodan|36892199
Murat Kurşun|36870419
Kuzey Köker|36610850
Velet & Ece Mumay|36561412
Güler Duman|36310192
Sevcan Orhan|36135889
Neşet Ertaş|36112957
Kıvırcık Ali|36056027
Mustafa Ceceli & Elvan Günaydın|36050672
Cansever|36021979
Erdal Güney|35921923
Emrah Karaduman ft. Demet Akalın|35352701
İsmail Altunsaray|35299718
Banu Parlak|35170511
Ceylan Koynat|34826915
Sinan Akçıl (feat. Hande Yener)|34660510
Selim Gülgören|34452892
Mustafa Mert Koç|34342716
Ayaz Erdoğan & Shawty|34324877
İdo|33929538
CEM KARACA|33906786
Ayta Sözeri|33866949
Sevgim Yılmaz|33516992
Bilge Nihan feat. Bahadır Tatlıöz|33325252
Şehinşah|32930388
Gamze Karta|32898905
Tual|32660985
Mustafa Ceceli & JİNE|32252457
Aynur|32195946
Funda Arar ft. Enbe Orkestrası|32054836
Kaan TANGÖZE|31991040
Belkıs Özener|31889139
Hüseyin Uğurlu|31609211
Aşkın Nur Yengi|31414543
Nihan Akın|31329480
Aynur Aydın & Turaç Berkay|31031348
Ferdi Tayfur|30853146
Bülent Ersoy|30700238
Mustafa Ceceli & Sinan Akçıl|30527498
Ümit Besen|30497449
Oğuzhan Uğur feat Murat Dalkılıç|30406959
Mustafa Sandal & İndira Elemes|30359844
@Cankan|30208598
Cevdet Bağca|30148705
Halodayı|30126247
Gülay|29695200
Emirhan Cengiz feat. Betül Demir|29398539
Serkan Kaya Ft. Silva Gunbardhi Ft. Dafi|28912544
Esen Müzik|28347134
Oktay Gürtürk|28152978
Nefes|28099248
Gülben Ergen|27764265
Ravi İncigöz|27559189
İlyas Yalçıntaş & Enbe Orkestrası|27498271
Hakan Altun & Melek Mosso|27051711
Emrullah Sürmeli|26927459
Onur Akın|26710485
Sibel Can & Ata Demirer|26638963
Nida Ateş|26563741
Tarık Mengüç|26072191
Berkay|26068762
Cevher|25689595
Kubat|25554745
Mikail Aslan|24999124
Koliva & Öykü Gürman|24873124
İzel|24806494
Şenay|24705104
Cash Flow|24487478
Mir Yusuf|24047347
Aşkın Nur Yengi & Mehmet Erdem|23580567
Ahmet Şafak|23425928
Selin Ciğerci feat. Ebru Polat|23278609
Yasin Obuz|23104285
Röya ft Ozan Çolakoğlu|22873258
Merve Özbey & Emrah Karaduman|22706975
Denisa feat. Ender Çabuker|22354226
Yasin Keleş feat. Tan Taşçı|22351271
Şimal|22328937
Şendoğan Kocasoy|22146500
Cem Karaca|22081413
Sevda|21951959
Azad Üşen|21888326
maNga|21773568
Onay Şahin|21674709
Taylan Özgür Ölmez & Taner Ölmez|21550128
Resul Dindar & Tuana Özkurt|21505528
Grup Yorum|21493660
Ebru Yaşar feat. Ados|21472698
Edis & Gülşen|21387547
Seyyal Taner|21199850
Deniz Cem|21103483
Bengü|20941308
Edis & Anıl Piyancı & Ekin Beril|20846012
Deniz Türkan|20665744
İbrahim Tatlıses & Melek Mosso|20644848
Ebru GÜNDEŞ|20571542
Engin Arslan|20517995
Volkan Konak & Koray Avcı|20424114
Fikret Dedeoğlu Ft. Yıldız Tilbe|20367002
Kutsi|20290180
Ceza & Killa Hakan|20265267
Turaç Berkay & Belma Şahin|20078814
Belma Şahin feat. Serdar Ortaç|20065036
TARKAN|20034322
Kardeş Türküler|19649883
Tuğçe Tayfur|19613686
Kenan Doğan feat. Latif Doğan|19225833
Yonca Evcimik feat. İrem Derici & Gökçe|19122563
İstanbul Ses Kayıt Ft. İbrahim Tatlıses|19046236
KURTALAN EKSPRES Ft. Hayko Cepkin|19037307
Didar Nurberdiyew|19028285
Ceyl'an Ertem|18971014
Bülent Serttaş|18952513
Gokhan Özen|18678861
Suzan Kardeş|18575560
Cansu Koç|18502948
Berdan Mardini|18459627
Ozan Çolakoğlu feat. Gülşen|18418582
Öykü Gürman|18310331
İrem Candar|18309557
Grup Vitamin|18072626
Zerrin Özer|18005740
Yavuz Bingöl|17884815
Kibariye|17814867
Erdem Kınay feat. Merve Özbey|17696592
Zara & Kutsi|17614903
Cashflow & Gekko G|17571617
Çukur|17519858
Füsun Önal|17502560
Rubato & Ziynet Sali|17468963
Şahin & Zeliha Kendirci|17403150
Sera Tokdemir feat. Mustafa Ceceli|17389364
Muharrem Ertaş|17282120
Suat Ateşdağlı feat. Gökçe Kırgız Taner|17191914
Aleyna Dalveren|17178296
Fatih Bulut & Elmas & İzmirli Deniz|17019535
Sasa Serap|17018845
Özlem Özdil & Çetin|17005682
Birsen Boyraz|16996939
Ayla Çelik & Hakan Altun|16990843
Serdar Ortaç & Hüsnü Şenlendirici|16885905
Ebru Yaşar|16679497
Zülfü Livaneli|16466801
Levent Dörter|16401588
Sinan Akçıl ft. Demet Akalın|16364041
Ahmet Aslan & Ali Ekber Kayış Duo|16340627
Sinan Akçıl & Rabia Tunçbilek|16222691
Elif Buse Doğan|16169296
Ahuzar|16106588
Haktan|16102578
Günaydın Çocuklar|16091490
Nilüfer & Şebnem Ferah|16047981
Mustafa Ceceli & Yaşar İpek|16013048
Sedat Sayan|15876619
Ömer Faruk Bostan|15876006
Eklemedir Koca Konak (Yedi Karanfil)|15842953
Hakan Altun düet. Yıldız Tilbe|15794797
Cengiz İmren & Sibel Can|15742358
SERDAR ORTAÇ|15648595
Eda Doğanay|15604543
Ayşe Hatun Önal|15571100
Şehinşah & Hidra|15515526
Alişan ft. Emrah|15480153
Ece Seçkin|15442879
Ceyhun Çelikten Ft. Onur Bertaraf|15438790
İlker James & Ayaz Erdoğan|15233424
Yusuf Gül & Güler Duman|15174298
Eflatun x Burcu Güneş|15095157
Burak Akagün|14930082
Serdar ORTAÇ|14846812
Berksan Ft. Hande Yener|14740731
Sinan Akçıl feat. Melda|14736812
Ebru Yaşar & Mete Karagöz|14647320
Ferda Anıl Yarkın|14483329
Tefo & Seko feat. Seda Tripkolic|14460389
Romantik Erhan|14403510
Ayten Rasul|14275100
Ahmet Parlak|14233966
Arzu|14219978
Sibel Can & Serdar Ortaç|14180708
Özgür Can Çoban|14153887
İskender Paydaş feat. Kenan Doğulu|14094408
Kalan Müzik|14069618
Şahin Kendirci|13969239
Günel|13946222
İbrahim Tatlıses & İdo|13930276
Gökçe Kırgız Taner|13915357
Hüseyin Turan|13860178
Seha Okuş|13835252
Burcu Güneş & Selda Bağcan|13725226
Metin Şentürk|13698028
Gülşen|13629051
Ömür Gedik Feat H.Yılmaz|13621314
Seda Tripkolic|13505828
Özgür Alter|13240950
Çağla Somuncu|13207031
Fatih & Kaan Kısaparmak|13204617
Hayko Cepkin feat Hayki|13067650
Emrah Karaduman & İrem Derici|13066359
Funda|13033548
Mor ve Ötesi|13017905
Yeliz|12998478
Mustafa Ceceli & Indira Elemes|12892910
Ebru Yaşar & Burak Bulut|12864724
Melis Kar ft Halil Sezai|12854167
Kardelen|12852441
Servet Kocakaya|12738181
Sibel Can & Kenan Doğulu|12668417
Mil Savior & Kerim Delibalta|12563615
Sibel Can & Hakan Altun|12473208
Şevval Sam|12439000
Nilüfer & Feridun Düzağaç|12421346
Leman Sam|12377089
Uğur Karakuş|12352906
Sinan Akçıl & Ekin Uzunlar|12342290
Nurseda Binici|12341537
Cioman|12328749
Eren Karayılan|12228396
Özcan Deniz Ft. Fahriye Evcen|12178303
Gökhan Tepe|12162328
Zeliha Kendirci & Şahin Kendirci|12144923
Deniz Toprak|12085797
Şevval Sam & Kazım Koyuncu|12022935
Ak Parti 2019 Seçim Şarkıları|12009081
Bahadır|11966459
Naşide Göktürk|11898503
Mustafa Ceceli & Bengü|11838645
Alper Atakan & Hande Ünsal|11720236
Hande Yener ft.Volga Tamöz|11703916
Ferhat Göçer feat. Volga Tamöz|11668272
Latif Doğan & Mahmut Tuncer|11610873
Demet Akalın ft. Berkay|11600604
Grup Leyli|11508299
Turgay Saka feat. Banu Parlak|11485119
Rabia Tunçbilek feat. İskender Paydaş|11439078
SERKAN KAYA|11426219
Cemil Demirbakan|11419971
Ayşegül Aldinç feat. Eflatun|11398957
Rafet El Roman feat Derya|11382304
Grup Laçin|11365843
Hüzün|11250731
Aydın|11150183
Orhan Ölmez & Sibel Can|11138942
Armağan Arslan|11098068
Mansur Ark|11001812
Erkan Oğur & İsmail Hakkı Demircioğlu|10997822
Sefa Doğanay|10956411
Kolpa feat. İskender Paydaş|10903745
Gamze Karta & Uzunmakarna|10896007
Tuğçe Haşimoğlu|10799738
Zeynep Bakşi Karatağ feat. Fırat Çelik|10788527
Su El Roman|10715800
Aşık Maksut Feryadi|10630284
Taha Özer|10591884
Erim|10559726
Haktan & Hüsnü Şenlendirici|10513221
Huri Sapan|10314916
Uğur Kirik feat. Serdar Ortaç|10269481
Niran Ünsal|10258827
Şevval Sam feat. Onay Şahin|10257659
Aziz Yuldashev|10203007
Reynmen & Bilal Sonses|10163780
Maral & Gökhan Doğanay|10135190
Mert Koçak|10129672
Kaan Karamaya feat. İrem Derici|10109947
Sancak|10068229
Tuna feat. Şule|9960632
Cemal Can|9944692
Canbay & Oğulcan Nihat|9907240
Berna Kartal|9856965
Mustafa Açıkses|9852657
Berksan|9837275
Tuğçe Tayfur feat. Taner Şafak|9720161
Ahmet Merih Çelik|9696625
Sinan Akçıl & Ece Mumay|9627985
Aynur Polat & Latif Doğan|9572701
Salih Bademci|9539269
Çağla Ft. Sinan Akçıl|9503871
Ece Seçkin feat. Ozan Doğulu|9478743
Suavi|9475383
Solmaz|9449309
Ercan & Gökhan|9411220
Grup Çığ|9338642
Burak Kut|9296731
Fikret Dedeoğlu|9234942
Meliha Kantos & Ezgi Saykan|9160162
Zeliha Kendirci|9110560
Nil Burak|9095844
Şebnem Keskin|8997383
Gökçe Bahadır|8924700
DEMET ELLOO|8917947
Fatma Turgut|8887531
Yonca Evcimik|8861103
Yılmaz Çelik|8858486
Doğan Nurlu|8779378
Hande Yener & Seksendört|8745437
Adnan Orhan & Latif Doğan|8695205
Asu Maralman|8677983
Güler Işık|8625900
Onur Bayraktar & Nur Cennet|8582579
Bendeniz|8546736
Musti|8544320
Bedran & Mehmet Elmas|8513621
Velet & 6iant|8475814
Karnaval|8461706
Nihan Çelik & Serdar Ortaç|8455679
İlkan Günüç feat. Sevda Özkaran|8414387
Alper Atakan & İrem Derici|8389067
Hakan Taşıyan|8377497
Aynur Aydın & Damla Yıldız|8375270
Mustafa Sandal & Doğu Demirkol|8284445
emre aydın & Çağan Şengül|8224719
Aslızen|8222181
Nükhet Duru & Sıla|8163726
Suat Suna feat. Fatma Turgut|8154598
Özgün|8126550
Ajda Pekkan feat. Volga Tamöz|8089635
Eylem Aktaş|8084829
Sinan Akçıl & Bengü & Hakan Altun|8014293
İntizar & Uğur Aslan|7987889
Zeynep Bakşi Karatağ feat. Ahmet Aslan|7845465
Emre Özdemir|7762715
Burcu Güneş & Selçuk Balcı|7722061
Röya|7701126
Ayşen Birgör & Cengiz Kurtoğlu|7686072
Ayşen Birgör|7674292
Fatih Bulut|7663673
Karataş|7658699
Galatasaray Korosu|7614400
Sezgi|7604524
Bilal Sonses|7599434
Murat Kurşun feat. Devran Çağlar|7536837
Işın Karaca|7526355
Mazlum Çimen|7526104
Adem Gümüşkaya|7484744
Birol Giray (BeeGee), Yener Çevik|7482846
Tolga Çandar|7468594
Rumeli Ekrem|7452918
Nahide Babashlı|7445005
Gafil Gezme Şaşkın|7386226
Mehtap Koç|7361750
Sıla|7356382
Fulin|7327619
ZARA|7232888
Sinan Akçıl & Demet Akalın|7230525
kimbureyhan|7228006
Barış MANÇO|7200634
Gülben Ergen feat İzel & Ercan|7151418
Çeşitli Sanatçılar|7151136
Fıratcan|7146456
Hüsnü Arkan & Rubato|7114333
Aslı Hünel|7052085
Nigar Muharrem|7036797
Güçlü Soydemir|6986766
Yasemin Kumral|6970436
Serkan & Eren feat. Yusuf Güney|6955551
Şam & Laçin|6953464
Haydar Haydar|6919971
Röya, Soner Sarıkabadayı|6870919
FERDİ TAYFUR|6833287
Atınç Çakmak feat. Esra Kurt|6823090
Sinan Akçıl & İlyas Yalçıntaş|6757346
Ata Alabaş|6703321
Enbe Orkestrası|6695283
Doğukan Medetoğlu|6694530
İbrahim Tatlıses & Sibel Can|6669404
Sinan Zorbey|6668869
Bulutsuzluk Özlemi & Hakan Aysev|6653655
Can Kan|6645753
Hüsnü Şenlendirici|6641413
Bendeniz Ft. Serkan Kaya|6628061
Arman322 & Yağız Jr.|6609495
Altay|6580168
Özcan Deniz, Deniz Çakır|6572290
Mustafa Keser|6568093
Selin Ciğerci|6554520
Karmate|6528152
Emre Altuğ|6526596
Levent Güneş & Ahmet Aslan|6501745
Ayşe Özyılmazel|6497539
Kolpa|6493866
Emre Atabay|6491969
Aşık Mahzuni Şerif|6423842
Pitch Black Process feat. Hayko Cepkin|6389749
Bulut Duman|6378255
Seçil Gür|6359842
ONUR METE|6355761
Ertunç|6345010
Göktan|6271916
UZ4Y|6265595
Faruk Sabancı & Ece Seçkin|6255165
İbrahim Kalın|6250140
Şenol Evgi|6206565
Şahin Özlem|6205515
Çağla feat. Osman Çetin|6183030
Yasin Keleş feat. Serdar Ortaç|6177443
Mert Aydın feat. Duygu Eyüpoğlu|6162432
Meyra|6158529
Zuhal Olcay|6145818
Ziynet Sali & Fedon|6140895
Murat Başaran feat. Yıldız Tilbe|6132978
Nasıl Derler Bilirsin|6119927
Zara & Savaş Özdemir|6104900
Veysel Mutlu ft. RDM|6086305
Kurtuluş Kuş & Burak Bulut|6079514
Güntaç Özdemir|6070364
Seyfi Yerlikaya|6070076
Meyra feat. Cemil Demirbakan|6057576
Cansu Ft. Berkay|6056197
Selim Bölükbaşı Ft. Volkan Konak|6054384
Yiğit & Aysude|6045379
Yıldız Tilbe feat Burak Yeter|6030573
Mustafa Sandal Ft. Natalia|6014796
Rıdvan Adede|5978370
Sura İskenderli|5974817
Gökhan Keser|5940009
Kafadar|5916983
Ankaralı Namık|5880479
Hasan Yılmaz|5871387
Cüneyt Tek|5858351
Çağatay Akman|5847422
Kubilay Karça|5840785
Mustafa Taş|5836812
Armağan Arslan & Fatih Bulut|5824532
Tan|5789168
Sinan Ceceli feat. Mustafa Ceceli|5785686
Oğuzhan Uğur|5755785
Zekeriya Ünlü|5740702
Gökçe Kılınçer|5690433
Seda Sayan|5688579
Seyfi Doğanay|5686208
Eypio & Arem Ozguc & Arman Aydin|5684005
Keti|5678167
Ozan Akbaba|5656015
Sasa Serap feat. Engin Arslan|5642600
Ender Balkır & İsmail Altunsaray|5609775
Ümit Besen feat. Bora Duran|5589176
Erkan Oğur|5588859
Ahmet Aslan feat. Semra Tunç|5586126
Tefo & Seko Ft. Kibariye|5585849
Doğukan Manço ft Emre Altuğ|5575521
Özcan Türe|5573119
Hande Yener & Madrigal|5562531
Fatih Kısaparmak|5549645
Ferah Zeydan & Kaan Beyru|5539598
Vera|5525351
İzzet Yıldızhan|5513188
Volga Tamöz Ft. Efecan Dianzenza|5502186
Zara & Oktay Kaynarca|5501697
Aynur Polat & Bilal Sonses|5495482
Ziynet Sali & Enbe Orkestrası|5460212
Sedef Ergin|5443873
Defkhan|5443363
Merve Özbey & Sibel Can|5439955
Neco|5407154
Ayşe Tunalı|5403503
Ağrı Dağı Efsanesi (Yedi Karanfil)|5399843
Farah Zeynep Abdullah|5394905
Mahzuni Şerif|5351796
Çekiç Ali|5333320
Nazlı|5306615
Sinan Akçıl & Tekir|5299709
Barış Kutupoğlu|5273238
Özlem Güneş|5242882
Ferah Zeydan & Turgay Saka|5218926
Ceyhun Damla|5217348
Esra Özmen|5216214
İlyas Yalçıntaş & Ezgi Kosa|5205100
Cem Bergamalı|5151738
Ayhan Taylan & Aysun Taşçeşme|5141603
Sibel Can & Derya Uluğ|5135078
Ekin Uzunlar & kimbureyhan|5134384
Atilla Taş|5132486
Özge Gürel|5113437
Lara Fabian feat Mustafa Ceceli|5086496
Burcu Güneş feat. Enbe Orkestrası|5086109
Eymen|5079393
Çisil Egeli|5053704
Demet Aktaş|5042747
Denizin Dibinde Hatçem|5023298
Hüseyin Karadayı ft Betül Demir|5017787
Aslı Güngör|5016643
Enbe Orkestrası feat. İzel & Sinan Akçıl|5015477
Mithat Körler|5009547
Mustafa Sandal & Murat Karahan|5004360
Abdullah İnal|5002400
Al Fadimem|4999994
Özlem Özdil|4986879
Sayedar & Önder Şahin feat. Ceza|4970548
Semra San & Sinan Akçıl|4968651
Işın Karaca & Sibel Can|4953534
Levent Güneş|4951669
Demet Akalın feat. Ersay Üner|4942781
Hakan Kahraman feat. Yusuf Güney|4907717
Şahin İnan|4894271
Koray Avcı & Sibel Can|4868782
Güven Yüreyi|4868509
BiBi|4855594
Cengiz Akbay|4852133
Deniz Arcak|4839476
Sibel Can & Soner Sarıkabadayı|4838483
Mükremin Gezgin|4823888
Arda Han|4813975
Yankı Alper|4803679
Burcu Güneş & Enbe Orkestrası|4799720
Azdavaylı Safiye & Ramazan Çelik|4794626
Cengiz Kurtoğlu, Hakan Altun|4784757
Derya Uluğ & Ece Seçkin|4773694
Seda Sayan & Cefi|4771388
Sertaç Balcı|4763557
Erdem Kınay feat. Demet Akalın|4763262
Siyam & Göksu Diaz|4739051
Ece Mumay & İlyas Yalçıntaş|4709164
Banu Kırbağ|4700872
Ayşegül Coşkun|4694504
Latif Doğan|4679252
Ayça Dilber & Kobra Murat & Ergün Altun|4673648
Gülben Ergen feat. Bora Duran|4673399
Aşkın Nur YENGİ|4668658
Berk Gürman|4665600
Özcan Deniz|4655164
Bahar Koçak|4641788
Reyhan Karaca|4637818
Emre Saltık|4624359
Nezih Üçler|4609176
Petek Dinçöz & Ferhat Göçer|4599739
Metin Şentürk & Yıldız Tilbe|4583656
Hacer Tülü|4568227
Erdem Ergün|4567089
Barış Baktaş|4564834
Suzanna|4562915
Nilüfer & Emre Aydın|4557579
Tolga Sağ|4557256
Hüner Coşkuner|4551968
Fırat Tanış|4545526
Metehan Polat|4531562
Hüsnü Şenlendirici & Serdar Ortaç|4524376
Ali Haydar Can|4517265
Güler Duman & Ekrem Şahin|4510855
Murat Yaprak Ft. Ferda Anıl Yarkın|4507499
Niyazi Koyuncu feat. Ceyl'an Ertem|4503944
Ümit Yaşar|4503040
Serkan Seki|4492243
Sibel Can & Hüsnü Şenlendirici|4479168
Nükleer Başlıklı Kız|4474096
Nazlı Işık|4459840
Hülya Avşar|4447439
Tuvana Türkay|4432977
BERЯ feat. ZEN-G|4430539
Sibel Altın|4409609
Turgay Saka & Ferah Zeydan|4379060
İlyas Yalçıntaş|4377413
Sibel Can feat. Sinan Akçıl|4374389
Begüm Polat|4373361
Halil İbrahim & Tarık İster|4356107
Tufan Köroğlu|4328014
Monoman & Cash Flow & No.1|4303984
Ceren Cennet|4301028
Aynur Aydın feat. Bünyas Herek|4298611
Yonca Lodi|4297173
Murat Cemcir & Ahmet Kural|4280744
Ersan Er feat Murat Başaran|4273779
Tuğba Ekinci|4269856
İlkay|4239099
Enis Arıkan|4233097
Mahmut Tuncer|4226980
Neslim Güngen feat. Sinan Akçıl|4226131
Hüseyin Kalmış|4224787
Gözlerin (Yedi Karanfil)|4212248
Ayhan Akalın|4185050
Abidin|4144999
Oktay Kaynarca|4143799
Killa Hakan & Eko Fresh & Ayaz Kaplı|4132387
Suat Suna feat. Yıldız Tilbe|4131600
Onur Mete|4097278
Türkü|4058826
İrem Derici & Genco Ecer|4057249
Mikaîl Aslan|4048658
Hülya Avşar & İdo Tatlıses|4048497
Ziynet Sali feat. Marshall Music|4048496
Ekin feat. Soca Boys|4046966
Özlem Taner|4010890
HAkan Altun|4003167
Faruk Demir|3998556
Ciwan Haco|3981002
Sevcan Orhan & Hakan Altun|3968066
Zeynep Avcı|3968032
Ömer Başdoğan (Nalet Bebe)|3965291
Ahmet Aslan & Kemal Dinç|3949387
İsmail Altunsaray|3940609
Coşkun Direk|3938331
Erdal Erzincan|3933145
Meyra & Burak Kut|3930978
7edi feat. Nez|3930046
Cashflow|3925931
Yaren Doğan|3922051
Sibel Yıldırım|3915849
Kübra|3908978
OFY|3879913
Altan Çetin Ft. Catwork|3867070
Neşe Demir|3866572
Bedia Akartürk|3856560
Orçun Bora|3835783
Yudum|3834197
Handan Kara|3819423
Oğulcan Nihat ft. Ahiyan|3812512
Samet Nohut|3803936
Belkıs Akkale & Hüsnü Şenlendirici|3796935
Asya|3795844
Gökhan Özen|3783401
Cüneyt Ergün|3774428
Sibel Can & Sinan Akçıl|3771810
emre aydın|3760797
Aşık Maksud Feryadi|3746546
Derya Uluğ|3746049
Murat Bagi|3743047
Dicle Olcay|3729438
Tülay Maciran & Taner Maciran|3726496
Sibel Can & Simge Sağın|3719511
Batuhan Sevimo|3715365
ASİ ft. Ceyhun Çelikten|3715326
Baha|3708596
Ardıç feat. Rümeys|3698969
Mustafa Ceceli & Ajda Pekkan|3688553
Tuncay Gargar|3685365
Salih Erkürekçi|3681952
Araba|3676240
Meyra & Cemil Demirbakan|3674851
Ersoy Dinç|3674230
Murat Başaran|3648838
Elenor Müzik|3641002
Sibel Can & Coşkun Sabah|3633808
Uğur Akdora|3627115
Ahmet İhvani|3623043
Ömür Gedik & Yalçın Aşan|3604572
Ceyhun Çelikten|3601715
Aygün Kazımova & Genco Ecer|3595567
Cemil|3586467
Bayro Şenpınar|3582130
Ömür Gedik feat. Yalçın Aşan|3579953
Sakiler & Hüsnü Şenlendirici|3579109
Elif Kaya Ft. Sefir|3575023
Faruk K|3574045
Sezzy|3570425
Apolas Lermi|3566533
Sibel Can & Sevcan Orhan|3560454
Nuri Harun Ateş|3555361
Fikret Kızılok feat. Sibel Sezal|3542557
Dilara Kaçmaz & Ufuk Akdoğan|3540920
Seyfi Yerlikaya & Sevcan Orhan|3538777
Orkestra Nazmiler|3537407
Ömercan Şimşek|3534694
Bergen|3527603
İlhan Şeşen|3525325
Han Çelikcan|3513577
Ata Demirer|3506993
İskender Paydaş feat. Ozan Ünlü|3502661
Burcu Güneş|3497107
Güzin ile Baha|3491379
Şeref Altınbaş & Serdar Ortaç|3490155
Zeki Güner feat. Nihan Akın|3489247
Ibrahim Tatlises|3480770
Abidin Özşahin|3445308
Raşit Avcı|3441944
Melodi|3436891
Yaşar Gaga Ft. Serkan Kaya|3434977
Emre Atlı|3420346
Ali Ekber Eren|3418477
Seda Sayan feat. Alper Atakan|3413928
Murat Yaprak feat. Sevda Özkaran|3408263
Ömür Gedik feat. Serdar Ortaç|3407192
Ziynet Sali & Mustafa Ceceli|3401887
Selim Kurtcebe|3400879
Ozan Çolakoğlu feat. Sertab Erener|3400300
İbrahim Aktolon|3393753
Fatih Tekin|3392844
İncesaz|3389415
Bartu|3384377
Ali Özel|3381189
Nilüfer Örer|3377002
Fatih & Şebnem Kısaparmak|3374703
Leylim Ley|3367614
Grup Özgürlük|3364443
Erdem Altınses|3363345
Gamze Karta & Oktay Kaya|3362143
Bajar|3361816
Selman Yılmaz|3351628
Sarp İkiler|3348355
Yurtseven Kardeşler|3341709
Killa Hakan|3336258
Şevval Sam & Selçuk Balcı|3325326
Ahmet Koç|3321136
Tuğba Karakuş|3308992
küçük İBO|3307888
Hasan Yıldırım|3302251
Ekin Uzunlar|3300384
Kaan Kısaparmak|3290607
Berfin Mis & Enfo|3281903
Seydi|3277153
Azdavaylı Safiye|3275596
Aynur Haşhaş|3275563
İzmirli Deniz|3273714
Niyazi Koyuncu|3271104
Nur Cennet|3270101
Eser Kabaali|3262558
İrem Derici & Onurr|3260506
BERKSAN|3250262
Ece Gürsel|3246122
Tuğra|3243629
Elçin Orçun & Birkan Nasuhoğlu|3242721
Taksim Trio & Uğur Aslan|3236470
Dila Kalafatoğlu|3231566
Bergüzar Korel|3207739
Ayda feat. N-Joy Band|3181144
Dilek|3173844
Deli Yazar|3171254
Nesil|3170978
Fatih Bozduman|3168094
Seher Dilovan|3154414
RAFET EL ROMAN feat. NUR USTA|3148010
Ömür Gedik|3142973
Burak Öksüzoğlu & Espi|3136744
Başak Kar|3131505
Ali Asker|3131359
Damla Arıcan & Buğrahan Sezen|3119927
Ayhan Aşan|3113664
Velet & Rabia Tunçbilek|3113072
Samet Tecer|3111090
Devlerin Aşkı|3109914
Dilek Dolunay|3101475
Sinan Akçıl feat Ferah Zeydan|3093521
Tuğba Ünal|3087658
Seher Çelik|3079501
Murat Tekyıldız|3078863
Hakan Altun & Sefa Doğanay|3076210
ONURMİNE|3073927
Aybüke Albere|3071732
Demet Akalın & Enes Yolcu|3068235
Dila|3068171
Erol Evgin & Funda Arar|3066576
Rober Hatemo ft. Yıldız Tilbe|3056235
Sinan Akçil|3053973
Yiğit Mahzuni|3052085
Bengü & Serdar Ortaç|3042275
Sinan Akçıl Ft. İzel|3036098
Yaşar İpek|3034486
Forte x Eypio|3033032
Harun Erkezen ft Nihan Akın|3031498
Ayşe Dinçer|3031103
Ayçam feat. Cem|3029044
Tekin Karabey|3019370
Deniz Barut|3006074
Jehan Barbur & Sinan Kaynakçı|3004101
Esra Sezer|3002375
Gökhan Güneş|2991860
Damla Yıldırım|2987094
Petek Dinçöz|2982793
Cairo & Eybo|2965641
Zeyd feat. Mert Ustaoğlu|2961097
Emre Aslan|2955167
Ayşe Mine|2942826
Kendi|2939103
Ömer Öz|2937265
Turgay Saka|2932943
Pınar Süer|2930769
Yeliz Yeşilmen|2930268
Palta|2925546
Kemal Sahir Gürel|2924658
Sait Uçar|2920113
Muharrem Temiz|2920046
Mert Davran|2919164
Serdar Ayyıldız & Ebru Keskin|2914187
Neslihan Uçar|2913416
Adem Gümüşkaya Feat. Resul Dindar|2912428
Çimen Yalçın|2912420
Ferat Üngür|2912417
Nebî & Levent Güneş|2902513
Melisa|2901318
İncesaz feat. Dilek Türkan|2887497
Cefi|2886581
Burak Hakkı Kapan|2885255
Gül Pembe|2874653
Özge Biroğlu|2872578
Zeyd feat. Ceylan Koynat|2863656
Murat Uyar feat Selim Gülgören|2862180
Erdem Kınay & Kenan Doğulu|2845890
Rumeli Yakup|2842601
Seçkin|2841729
Türkan Şoray|2836750
Murad Demir & Erdem Altınses|2830358
Özay Bakır|2824058
Ayfer Vardar|2823726
Elnur|2802688
Yüksel Didikoğlu & Musa Eroğlu|2799150
Can Tosun|2784074
Gamze Matracı|2775774
Ceylan & Uğur Karakuş|2764017
Faydee Ft.Hande Yener, Rebel Groove|2757424
İki Ayaklı Kurt|2757164
Hakan Taşıyan & Yıldız Tilbe|2751385
BERDAN MARDİNİ|2750799
Doğuş Çabakçor feat. Ümit Besen|2746292
Hayrettin Taşkaya|2742406
ibrahim Tatlıses|2735353
Cihan Çobanoğlu|2732178
Hüsnü Arkan|2726708
Su Soley & İskender Paydaş|2724763
Kemal Samat|2714440
Gökhan Birben|2710853
Fatih Karabulut|2707663
